[
    {
        "modelo": "5SX4 105-7",
        "corrente_nominal_a": 0.5,
        "curva_disparo": "C",
        "polos": "monopolar",
        "tensao_isolamento_ui_v": "250 / 440 VCA-55 VCC",
        "capacidade_interrupcao_icn": "25 kA",
        "capacidade_interrupcao_icu": "30 kA",
        "norma": "NBR NM 60898",
        "relacao_cc_v": "24 VCC a 55 VCC",
        "secao_condutores_mm2": "até 16mm2 (terminal superior) e até 25mm2 (terminal inferior)"
    },
    {
        "modelo": "5SX4 205-7",
        "corrente_nominal_a": 0.5,
        "curva_disparo": "C",
        "polos": "bipolar",
        "tensao_isolamento_ui_v": "250 / 440 VCA-55 VCC",
        "capacidade_interrupcao_icn": "25 kA",
        "capacidade_interrupcao_icu": "30 kA",
        "norma": "NBR NM 60898",
        "relacao_cc_v": "24 VCC a 55 VCC",
        "secao_condutores_mm2": "até 16mm2 (terminal superior) e até 25mm2 (terminal inferior)"
    },
    {
        "modelo": "5SX4 305-7",
        "corrente_nominal_a": 0.5,
        "curva_disparo": "C",
        "polos": "tripolar",
        "tensao_isolamento_ui_v": "250 / 440 VCA-55 VCC",
        "capacidade_interrupcao_icn": "25 kA",
        "capacidade_interrupcao_icu": "30 kA",
        "norma": "NBR NM 60898",
        "relacao_cc_v": "24 VCC a 55 VCC",
        "secao_condutores_mm2": "até 16mm2 (terminal superior) e até 25mm2 (terminal inferior)"
    },
    {
        "modelo": "5SX4 101-7",
        "corrente_nominal_a": 1,
        "curva_disparo": "C",
        "polos": "monopolar",
        "tensao_isolamento_ui_v": "250 / 440 VCA-55 VCC",
        "capacidade_interrupcao_icn": "25 kA",
        "capacidade_interrupcao_icu": "30 kA",
        "norma": "NBR NM 60898",
        "relacao_cc_v": "24 VCC a 55 VCC",
        "secao_condutores_mm2": "até 16mm2 (terminal superior) e até 25mm2 (terminal inferior)"
    },
    {
        "modelo": "5SX4 201-7",
        "corrente_nominal_a": 1,
        "curva_disparo": "C",
        "polos": "bipolar",
        "tensao_isolamento_ui_v": "250 / 440 VCA-55 VCC",
        "capacidade_interrupcao_icn": "25 kA",
        "capacidade_interrupcao_icu": "30 kA",
        "norma": "NBR NM 60898",
        "relacao_cc_v": "24 VCC a 55 VCC",
        "secao_condutores_mm2": "até 16mm2 (terminal superior) e até 25mm2 (terminal inferior)"
    },
    {
        "modelo": "5SX4 301-7",
        "corrente_nominal_a": 1,
        "curva_disparo": "C",
        "polos": "tripolar",
        "tensao_isolamento_ui_v": "250 / 440 VCA-55 VCC",
        "capacidade_interrupcao_icn": "25 kA",
        "capacidade_interrupcao_icu": "30 kA",
        "norma": "NBR NM 60898",
        "relacao_cc_v": "24 VCC a 55 VCC",
        "secao_condutores_mm2": "até 16mm2 (terminal superior) e até 25mm2 (terminal inferior)"
    },
    {
        "modelo": "5SX4 102-7",
        "corrente_nominal_a": 2,
        "curva_disparo": "C",
        "polos": "monopolar",
        "tensao_isolamento_ui_v": "250 / 440 VCA-55 VCC",
        "capacidade_interrupcao_icn": "25 kA",
        "capacidade_interrupcao_icu": "30 kA",
        "norma": "NBR NM 60898",
        "relacao_cc_v": "24 VCC a 55 VCC",
        "secao_condutores_mm2": "até 16mm2 (terminal superior) e até 25mm2 (terminal inferior)"
    },
    {
        "modelo": "5SX4 202-7",
        "corrente_nominal_a": 2,
        "curva_disparo": "C",
        "polos": "bipolar",
        "tensao_isolamento_ui_v": "250 / 440 VCA-55 VCC",
        "capacidade_interrupcao_icn": "25 kA",
        "capacidade_interrupcao_icu": "30 kA",
        "norma": "NBR NM 60898",
        "relacao_cc_v": "24 VCC a 55 VCC",
        "secao_condutores_mm2": "até 16mm2 (terminal superior) e até 25mm2 (terminal inferior)"
    },
    {
        "modelo": "5SX4 302-7",
        "corrente_nominal_a": 2,
        "curva_disparo": "C",
        "polos": "tripolar",
        "tensao_isolamento_ui_v": "250 / 440 VCA-55 VCC",
        "capacidade_interrupcao_icn": "25 kA",
        "capacidade_interrupcao_icu": "30 kA",
        "norma": "NBR NM 60898",
        "relacao_cc_v": "24 VCC a 55 VCC",
        "secao_condutores_mm2": "até 16mm2 (terminal superior) e até 25mm2 (terminal inferior)"
    },
    {
        "modelo": "5SX4 104-7",
        "corrente_nominal_a": 4,
        "curva_disparo": "C",
        "polos": "monopolar",
        "tensao_isolamento_ui_v": "250 / 440 VCA-55 VCC",
        "capacidade_interrupcao_icn": "25 kA",
        "capacidade_interrupcao_icu": "30 kA",
        "norma": "NBR NM 60898",
        "relacao_cc_v": "24 VCC a 55 VCC",
        "secao_condutores_mm2": "até 16mm2 (terminal superior) e até 25mm2 (terminal inferior)"
    },
    {
        "modelo": "5SX4 204-7",
        "corrente_nominal_a": 4,
        "curva_disparo": "C",
        "polos": "bipolar",
        "tensao_isolamento_ui_v": "250 / 440 VCA-55 VCC",
        "capacidade_interrupcao_icn": "25 kA",
        "capacidade_interrupcao_icu": "30 kA",
        "norma": "NBR NM 60898",
        "relacao_cc_v": "24 VCC a 55 VCC",
        "secao_condutores_mm2": "até 16mm2 (terminal superior) e até 25mm2 (terminal inferior)"
    },
    {
        "modelo": "5SX4 304-7",
        "corrente_nominal_a": 4,
        "curva_disparo": "C",
        "polos": "tripolar",
        "tensao_isolamento_ui_v": "250 / 440 VCA-55 VCC",
        "capacidade_interrupcao_icn": "25 kA",
        "capacidade_interrupcao_icu": "30 kA",
        "norma": "NBR NM 60898",
        "relacao_cc_v": "24 VCC a 55 VCC",
        "secao_condutores_mm2": "até 16mm2 (terminal superior) e até 25mm2 (terminal inferior)"
    },
    {
        "modelo": "5SX4 106-7",
        "corrente_nominal_a": 6,
        "curva_disparo": "C",
        "polos": "monopolar",
        "tensao_isolamento_ui_v": "250 / 440 VCA-55 VCC",
        "capacidade_interrupcao_icn": "25 kA",
        "capacidade_interrupcao_icu": "30 kA",
        "norma": "NBR NM 60898",
        "relacao_cc_v": "24 VCC a 55 VCC",
        "secao_condutores_mm2": "até 16mm2 (terminal superior) e até 25mm2 (terminal inferior)"
    },
    {
        "modelo": "5SX4 206-7",
        "corrente_nominal_a": 6,
        "curva_disparo": "C",
        "polos": "bipolar",
        "tensao_isolamento_ui_v": "250 / 440 VCA-55 VCC",
        "capacidade_interrupcao_icn": "25 kA",
        "capacidade_interrupcao_icu": "30 kA",
        "norma": "NBR NM 60898",
        "relacao_cc_v": "24 VCC a 55 VCC",
        "secao_condutores_mm2": "até 16mm2 (terminal superior) e até 25mm2 (terminal inferior)"
    },
    {
        "modelo": "5SX4 306-7",
        "corrente_nominal_a": 6,
        "curva_disparo": "C",
        "polos": "tripolar",
        "tensao_isolamento_ui_v": "250 / 440 VCA-55 VCC",
        "capacidade_interrupcao_icn": "25 kA",
        "capacidade_interrupcao_icu": "30 kA",
        "norma": "NBR NM 60898",
        "relacao_cc_v": "24 VCC a 55 VCC",
        "secao_condutores_mm2": "até 16mm2 (terminal superior) e até 25mm2 (terminal inferior)"
    },
    {
        "modelo": "5SX4 606-7",
        "corrente_nominal_a": 6,
        "curva_disparo": "C",
        "polos": "tetrapolar",
        "tensao_isolamento_ui_v": "250 / 440 VCA-55 VCC",
        "capacidade_interrupcao_icn": "25 kA",
        "capacidade_interrupcao_icu": "30 kA",
        "norma": "NBR NM 60898",
        "relacao_cc_v": "24 VCC a 55 VCC",
        "secao_condutores_mm2": "até 16mm2 (terminal superior) e até 25mm2 (terminal inferior)"
    },
    {
        "modelo": "5SX4 110-7",
        "corrente_nominal_a": 10,
        "curva_disparo": "C",
        "polos": "monopolar",
        "tensao_isolamento_ui_v": "250 / 440 VCA-55 VCC",
        "capacidade_interrupcao_icn": "25 kA",
        "capacidade_interrupcao_icu": "30 kA",
        "norma": "NBR NM 60898",
        "relacao_cc_v": "24 VCC a 55 VCC",
        "secao_condutores_mm2": "até 16mm2 (terminal superior) e até 25mm2 (terminal inferior)"
    },
    {
        "modelo": "5SX4 210-7",
        "corrente_nominal_a": 10,
        "curva_disparo": "C",
        "polos": "bipolar",
        "tensao_isolamento_ui_v": "250 / 440 VCA-55 VCC",
        "capacidade_interrupcao_icn": "25 kA",
        "capacidade_interrupcao_icu": "30 kA",
        "norma": "NBR NM 60898",
        "relacao_cc_v": "24 VCC a 55 VCC",
        "secao_condutores_mm2": "até 16mm2 (terminal superior) e até 25mm2 (terminal inferior)"
    },
    {
        "modelo": "5SX4 310-7",
        "corrente_nominal_a": 10,
        "curva_disparo": "C",
        "polos": "tripolar",
        "tensao_isolamento_ui_v": "250 / 440 VCA-55 VCC",
        "capacidade_interrupcao_icn": "25 kA",
        "capacidade_interrupcao_icu": "30 kA",
        "norma": "NBR NM 60898",
        "relacao_cc_v": "24 VCC a 55 VCC",
        "secao_condutores_mm2": "até 16mm2 (terminal superior) e até 25mm2 (terminal inferior)"
    },
    {
        "modelo": "5SX4 610-7",
        "corrente_nominal_a": 10,
        "curva_disparo": "C",
        "polos": "tetrapolar",
        "tensao_isolamento_ui_v": "250 / 440 VCA-55 VCC",
        "capacidade_interrupcao_icn": "25 kA",
        "capacidade_interrupcao_icu": "30 kA",
        "norma": "NBR NM 60898",
        "relacao_cc_v": "24 VCC a 55 VCC",
        "secao_condutores_mm2": "até 16mm2 (terminal superior) e até 25mm2 (terminal inferior)"
    },
    {
        "modelo": "5SX4 113-7",
        "corrente_nominal_a": 13,
        "curva_disparo": "C",
        "polos": "monopolar",
        "tensao_isolamento_ui_v": "250 / 440 VCA-55 VCC",
        "capacidade_interrupcao_icn": "25 kA",
        "capacidade_interrupcao_icu": "30 kA",
        "norma": "NBR NM 60898",
        "relacao_cc_v": "24 VCC a 55 VCC",
        "secao_condutores_mm2": "até 16mm2 (terminal superior) e até 25mm2 (terminal inferior)"
    },
    {
        "modelo": "5SX4 213-7",
        "corrente_nominal_a": 13,
        "curva_disparo": "C",
        "polos": "bipolar",
        "tensao_isolamento_ui_v": "250 / 440 VCA-55 VCC",
        "capacidade_interrupcao_icn": "25 kA",
        "capacidade_interrupcao_icu": "30 kA",
        "norma": "NBR NM 60898",
        "relacao_cc_v": "24 VCC a 55 VCC",
        "secao_condutores_mm2": "até 16mm2 (terminal superior) e até 25mm2 (terminal inferior)"
    },
    {
        "modelo": "5SX4 313-7",
        "corrente_nominal_a": 13,
        "curva_disparo": "C",
        "polos": "tripolar",
        "tensao_isolamento_ui_v": "250 / 440 VCA-55 VCC",
        "capacidade_interrupcao_icn": "25 kA",
        "capacidade_interrupcao_icu": "30 kA",
        "norma": "NBR NM 60898",
        "relacao_cc_v": "24 VCC a 55 VCC",
        "secao_condutores_mm2": "até 16mm2 (terminal superior) e até 25mm2 (terminal inferior)"
    },
    {
        "modelo": "5SX4 613-7",
        "corrente_nominal_a": 13,
        "curva_disparo": "C",
        "polos": "tetrapolar",
        "tensao_isolamento_ui_v": "250 / 440 VCA-55 VCC",
        "capacidade_interrupcao_icn": "25 kA",
        "capacidade_interrupcao_icu": "30 kA",
        "norma": "NBR NM 60898",
        "relacao_cc_v": "24 VCC a 55 VCC",
        "secao_condutores_mm2": "até 16mm2 (terminal superior) e até 25mm2 (terminal inferior)"
    },
    {
        "modelo": "5SX4 116-7",
        "corrente_nominal_a": 16,
        "curva_disparo": "C",
        "polos": "monopolar",
        "tensao_isolamento_ui_v": "250 / 440 VCA-55 VCC",
        "capacidade_interrupcao_icn": "25 kA",
        "capacidade_interrupcao_icu": "30 kA",
        "norma": "NBR NM 60898",
        "relacao_cc_v": "24 VCC a 55 VCC",
        "secao_condutores_mm2": "até 16mm2 (terminal superior) e até 25mm2 (terminal inferior)"
    },
    {
        "modelo": "5SX4 216-7",
        "corrente_nominal_a": 16,
        "curva_disparo": "C",
        "polos": "bipolar",
        "tensao_isolamento_ui_v": "250 / 440 VCA-55 VCC",
        "capacidade_interrupcao_icn": "25 kA",
        "capacidade_interrupcao_icu": "30 kA",
        "norma": "NBR NM 60898",
        "relacao_cc_v": "24 VCC a 55 VCC",
        "secao_condutores_mm2": "até 16mm2 (terminal superior) e até 25mm2 (terminal inferior)"
    },
    {
        "modelo": "5SX4 316-7",
        "corrente_nominal_a": 16,
        "curva_disparo": "C",
        "polos": "tripolar",
        "tensao_isolamento_ui_v": "250 / 440 VCA-55 VCC",
        "capacidade_interrupcao_icn": "25 kA",
        "capacidade_interrupcao_icu": "30 kA",
        "norma": "NBR NM 60898",
        "relacao_cc_v": "24 VCC a 55 VCC",
        "secao_condutores_mm2": "até 16mm2 (terminal superior) e até 25mm2 (terminal inferior)"
    },
    {
        "modelo": "5SX4 616-7",
        "corrente_nominal_a": 16,
        "curva_disparo": "C",
        "polos": "tetrapolar",
        "tensao_isolamento_ui_v": "250 / 440 VCA-55 VCC",
        "capacidade_interrupcao_icn": "25 kA",
        "capacidade_interrupcao_icu": "30 kA",
        "norma": "NBR NM 60898",
        "relacao_cc_v": "24 VCC a 55 VCC",
        "secao_condutores_mm2": "até 16mm2 (terminal superior) e até 25mm2 (terminal inferior)"
    },
    {
        "modelo": "5SX4 120-7",
        "corrente_nominal_a": 20,
        "curva_disparo": "C",
        "polos": "monopolar",
        "tensao_isolamento_ui_v": "250 / 440 VCA-55 VCC",
        "capacidade_interrupcao_icn": "25 kA",
        "capacidade_interrupcao_icu": "30 kA",
        "norma": "NBR NM 60898",
        "relacao_cc_v": "24 VCC a 55 VCC",
        "secao_condutores_mm2": "até 16mm2 (terminal superior) e até 25mm2 (terminal inferior)"
    },
    {
        "modelo": "5SX4 220-7",
        "corrente_nominal_a": 20,
        "curva_disparo": "C",
        "polos": "bipolar",
        "tensao_isolamento_ui_v": "250 / 440 VCA-55 VCC",
        "capacidade_interrupcao_icn": "25 kA",
        "capacidade_interrupcao_icu": "30 kA",
        "norma": "NBR NM 60898",
        "relacao_cc_v": "24 VCC a 55 VCC",
        "secao_condutores_mm2": "até 16mm2 (terminal superior) e até 25mm2 (terminal inferior)"
    },
    {
        "modelo": "5SX4 320-7",
        "corrente_nominal_a": 20,
        "curva_disparo": "C",
        "polos": "tripolar",
        "tensao_isolamento_ui_v": "250 / 440 VCA-55 VCC",
        "capacidade_interrupcao_icn": "25 kA",
        "capacidade_interrupcao_icu": "30 kA",
        "norma": "NBR NM 60898",
        "relacao_cc_v": "24 VCC a 55 VCC",
        "secao_condutores_mm2": "até 16mm2 (terminal superior) e até 25mm2 (terminal inferior)"
    },
    {
        "modelo": "5SX4 620-7",
        "corrente_nominal_a": 20,
        "curva_disparo": "C",
        "polos": "tetrapolar",
        "tensao_isolamento_ui_v": "250 / 440 VCA-55 VCC",
        "capacidade_interrupcao_icn": "25 kA",
        "capacidade_interrupcao_icu": "30 kA",
        "norma": "NBR NM 60898",
        "relacao_cc_v": "24 VCC a 55 VCC",
        "secao_condutores_mm2": "até 16mm2 (terminal superior) e até 25mm2 (terminal inferior)"
    },
    {
        "modelo": "5SX4 125-7",
        "corrente_nominal_a": 25,
        "curva_disparo": "C",
        "polos": "monopolar",
        "tensao_isolamento_ui_v": "250 / 440 VCA-55 VCC",
        "capacidade_interrupcao_icn": "25 kA",
        "capacidade_interrupcao_icu": "30 kA",
        "norma": "NBR NM 60898",
        "relacao_cc_v": "24 VCC a 55 VCC",
        "secao_condutores_mm2": "até 16mm2 (terminal superior) e até 25mm2 (terminal inferior)"
    },
    {
        "modelo": "5SX4 225-7",
        "corrente_nominal_a": 25,
        "curva_disparo": "C",
        "polos": "bipolar",
        "tensao_isolamento_ui_v": "250 / 440 VCA-55 VCC",
        "capacidade_interrupcao_icn": "25 kA",
        "capacidade_interrupcao_icu": "30 kA",
        "norma": "NBR NM 60898",
        "relacao_cc_v": "24 VCC a 55 VCC",
        "secao_condutores_mm2": "até 16mm2 (terminal superior) e até 25mm2 (terminal inferior)"
    },
    {
        "modelo": "5SX4 325-7",
        "corrente_nominal_a": 25,
        "curva_disparo": "C",
        "polos": "tripolar",
        "tensao_isolamento_ui_v": "250 / 440 VCA-55 VCC",
        "capacidade_interrupcao_icn": "25 kA",
        "capacidade_interrupcao_icu": "30 kA",
        "norma": "NBR NM 60898",
        "relacao_cc_v": "24 VCC a 55 VCC",
        "secao_condutores_mm2": "até 16mm2 (terminal superior) e até 25mm2 (terminal inferior)"
    },
    {
        "modelo": "5SX4 625-7",
        "corrente_nominal_a": 25,
        "curva_disparo": "C",
        "polos": "tetrapolar",
        "tensao_isolamento_ui_v": "250 / 440 VCA-55 VCC",
        "capacidade_interrupcao_icn": "25 kA",
        "capacidade_interrupcao_icu": "30 kA",
        "norma": "NBR NM 60898",
        "relacao_cc_v": "24 VCC a 55 VCC",
        "secao_condutores_mm2": "até 16mm2 (terminal superior) e até 25mm2 (terminal inferior)"
    },
    {
        "modelo": "5SX4 132-7",
        "corrente_nominal_a": 32,
        "curva_disparo": "C",
        "polos": "monopolar",
        "tensao_isolamento_ui_v": "250 / 440 VCA-55 VCC",
        "capacidade_interrupcao_icn": "25 kA",
        "capacidade_interrupcao_icu": "30 kA",
        "norma": "NBR NM 60898",
        "relacao_cc_v": "24 VCC a 55 VCC",
        "secao_condutores_mm2": "até 16mm2 (terminal superior) e até 25mm2 (terminal inferior)"
    },
    {
        "modelo": "5SX4 232-7",
        "corrente_nominal_a": 32,
        "curva_disparo": "C",
        "polos": "bipolar",
        "tensao_isolamento_ui_v": "250 / 440 VCA-55 VCC",
        "capacidade_interrupcao_icn": "25 kA",
        "capacidade_interrupcao_icu": "30 kA",
        "norma": "NBR NM 60898",
        "relacao_cc_v": "24 VCC a 55 VCC",
        "secao_condutores_mm2": "até 16mm2 (terminal superior) e até 25mm2 (terminal inferior)"
    },
    {
        "modelo": "5SX4 332-7",
        "corrente_nominal_a": 32,
        "curva_disparo": "C",
        "polos": "tripolar",
        "tensao_isolamento_ui_v": "250 / 440 VCA-55 VCC",
        "capacidade_interrupcao_icn": "25 kA",
        "capacidade_interrupcao_icu": "30 kA",
        "norma": "NBR NM 60898",
        "relacao_cc_v": "24 VCC a 55 VCC",
        "secao_condutores_mm2": "até 16mm2 (terminal superior) e até 25mm2 (terminal inferior)"
    },
    {
        "modelo": "5SX4 632-7",
        "corrente_nominal_a": 32,
        "curva_disparo": "C",
        "polos": "tetrapolar",
        "tensao_isolamento_ui_v": "250 / 440 VCA-55 VCC",
        "capacidade_interrupcao_icn": "25 kA",
        "capacidade_interrupcao_icu": "30 kA",
        "norma": "NBR NM 60898",
        "relacao_cc_v": "24 VCC a 55 VCC",
        "secao_condutores_mm2": "até 16mm2 (terminal superior) e até 25mm2 (terminal inferior)"
    },
    {
        "modelo": "5SX4 140-7",
        "corrente_nominal_a": 40,
        "curva_disparo": "C",
        "polos": "monopolar",
        "tensao_isolamento_ui_v": "250 / 440 VCA-55 VCC",
        "capacidade_interrupcao_icn": "25 kA",
        "capacidade_interrupcao_icu": "30 kA",
        "norma": "NBR NM 60898",
        "relacao_cc_v": "24 VCC a 55 VCC",
        "secao_condutores_mm2": "até 16mm2 (terminal superior) e até 25mm2 (terminal inferior)"
    },
    {
        "modelo": "5SX4 240-7",
        "corrente_nominal_a": 40,
        "curva_disparo": "C",
        "polos": "bipolar",
        "tensao_isolamento_ui_v": "250 / 440 VCA-55 VCC",
        "capacidade_interrupcao_icn": "25 kA",
        "capacidade_interrupcao_icu": "30 kA",
        "norma": "NBR NM 60898",
        "relacao_cc_v": "24 VCC a 55 VCC",
        "secao_condutores_mm2": "até 16mm2 (terminal superior) e até 25mm2 (terminal inferior)"
    },
    {
        "modelo": "5SX4 340-7",
        "corrente_nominal_a": 40,
        "curva_disparo": "C",
        "polos": "tripolar",
        "tensao_isolamento_ui_v": "250 / 440 VCA-55 VCC",
        "capacidade_interrupcao_icn": "25 kA",
        "capacidade_interrupcao_icu": "30 kA",
        "norma": "NBR NM 60898",
        "relacao_cc_v": "24 VCC a 55 VCC",
        "secao_condutores_mm2": "até 16mm2 (terminal superior) e até 25mm2 (terminal inferior)"
    },
    {
        "modelo": "5SX4 640-7",
        "corrente_nominal_a": 40,
        "curva_disparo": "C",
        "polos": "tetrapolar",
        "tensao_isolamento_ui_v": "250 / 440 VCA-55 VCC",
        "capacidade_interrupcao_icn": "25 kA",
        "capacidade_interrupcao_icu": "30 kA",
        "norma": "NBR NM 60898",
        "relacao_cc_v": "24 VCC a 55 VCC",
        "secao_condutores_mm2": "até 16mm2 (terminal superior) e até 25mm2 (terminal inferior)"
    },
    {
        "modelo": "5SX4 150-7",
        "corrente_nominal_a": 50,
        "curva_disparo": "C",
        "polos": "monopolar",
        "tensao_isolamento_ui_v": "250 / 440 VCA-55 VCC",
        "capacidade_interrupcao_icn": "25 kA",
        "capacidade_interrupcao_icu": "30 kA",
        "norma": "NBR NM 60898",
        "relacao_cc_v": "24 VCC a 55 VCC",
        "secao_condutores_mm2": "até 16mm2 (terminal superior) e até 25mm2 (terminal inferior)"
    },
    {
        "modelo": "5SX4 250-7",
        "corrente_nominal_a": 50,
        "curva_disparo": "C",
        "polos": "bipolar",
        "tensao_isolamento_ui_v": "250 / 440 VCA-55 VCC",
        "capacidade_interrupcao_icn": "25 kA",
        "capacidade_interrupcao_icu": "30 kA",
        "norma": "NBR NM 60898",
        "relacao_cc_v": "24 VCC a 55 VCC",
        "secao_condutores_mm2": "até 16mm2 (terminal superior) e até 25mm2 (terminal inferior)"
    },
    {
        "modelo": "5SX4 350-7",
        "corrente_nominal_a": 50,
        "curva_disparo": "C",
        "polos": "tripolar",
        "tensao_isolamento_ui_v": "250 / 440 VCA-55 VCC",
        "capacidade_interrupcao_icn": "25 kA",
        "capacidade_interrupcao_icu": "30 kA",
        "norma": "NBR NM 60898",
        "relacao_cc_v": "24 VCC a 55 VCC",
        "secao_condutores_mm2": "até 16mm2 (terminal superior) e até 25mm2 (terminal inferior)"
    },
    {
        "modelo": "5SX4 650-7",
        "corrente_nominal_a": 50,
        "curva_disparo": "C",
        "polos": "tetrapolar",
        "tensao_isolamento_ui_v": "250 / 440 VCA-55 VCC",
        "capacidade_interrupcao_icn": "25 kA",
        "capacidade_interrupcao_icu": "30 kA",
        "norma": "NBR NM 60898",
        "relacao_cc_v": "24 VCC a 55 VCC",
        "secao_condutores_mm2": "até 16mm2 (terminal superior) e até 25mm2 (terminal inferior)"
    },
    {
        "modelo": "5SP4 163-7",
        "corrente_nominal_a": 63,
        "curva_disparo": "C",
        "polos": "monopolar",
        "tensao_isolamento_ui_v": "250 / 440 VCA-60 VCC",
        "capacidade_interrupcao_icn": "20 kA",
        "capacidade_interrupcao_icu": "25 kA",
        "norma": "NBR NM 60898",
        "relacao_cc_v": "24 VCC",
        "secao_condutores_mm2": "até 50 mm2"
    },
    {
        "modelo": "5SP4 263-7",
        "corrente_nominal_a": 63,
        "curva_disparo": "C",
        "polos": "bipolar",
        "tensao_isolamento_ui_v": "250 / 440 VCA-60 VCC",
        "capacidade_interrupcao_icn": "20 kA",
        "capacidade_interrupcao_icu": "25 kA",
        "norma": "NBR NM 60898",
        "relacao_cc_v": "24 VCC",
        "secao_condutores_mm2": "até 50 mm2"
    },
    {
        "modelo": "5SP4 363-7",
        "corrente_nominal_a": 63,
        "curva_disparo": "C",
        "polos": "tripolar",
        "tensao_isolamento_ui_v": "250 / 440 VCA-60 VCC",
        "capacidade_interrupcao_icn": "20 kA",
        "capacidade_interrupcao_icu": "25 kA",
        "norma": "NBR NM 60898",
        "relacao_cc_v": "24 VCC",
        "secao_condutores_mm2": "até 50 mm2"
    },
    {
        "modelo": "5SP4 463-7",
        "corrente_nominal_a": 63,
        "curva_disparo": "C",
        "polos": "tetrapolar",
        "tensao_isolamento_ui_v": "250 / 440 VCA-60 VCC",
        "capacidade_interrupcao_icn": "20 kA",
        "capacidade_interrupcao_icu": "25 kA",
        "norma": "NBR NM 60898",
        "relacao_cc_v": "24 VCC",
        "secao_condutores_mm2": "até 50 mm2"
    },
    {
        "modelo": "5SP4 180-7",
        "corrente_nominal_a": 80,
        "curva_disparo": "C",
        "polos": "monopolar",
        "tensao_isolamento_ui_v": "250 / 440 VCA-60 VCC",
        "capacidade_interrupcao_icn": "20 kA",
        "capacidade_interrupcao_icu": "25 kA",
        "norma": "NBR NM 60898",
        "relacao_cc_v": "24 VCC",
        "secao_condutores_mm2": "até 50 mm2"
    },
    {
        "modelo": "5SP4 280-7",
        "corrente_nominal_a": 80,
        "curva_disparo": "C",
        "polos": "bipolar",
        "tensao_isolamento_ui_v": "250 / 440 VCA-60 VCC",
        "capacidade_interrupcao_icn": "20 kA",
        "capacidade_interrupcao_icu": "25 kA",
        "norma": "NBR NM 60898",
        "relacao_cc_v": "24 VCC",
        "secao_condutores_mm2": "até 50 mm2"
    },
    {
        "modelo": "5SP4 380-7",
        "corrente_nominal_a": 80,
        "curva_disparo": "C",
        "polos": "tripolar",
        "tensao_isolamento_ui_v": "250 / 440 VCA-60 VCC",
        "capacidade_interrupcao_icn": "20 kA",
        "capacidade_interrupcao_icu": "25 kA",
        "norma": "NBR NM 60898",
        "relacao_cc_v": "24 VCC",
        "secao_condutores_mm2": "até 50 mm2"
    },
    {
        "modelo": "5SP4 480-7",
        "corrente_nominal_a": 80,
        "curva_disparo": "C",
        "polos": "tetrapolar",
        "tensao_isolamento_ui_v": "250 / 440 VCA-60 VCC",
        "capacidade_interrupcao_icn": "20 kA",
        "capacidade_interrupcao_icu": "25 kA",
        "norma": "NBR NM 60898",
        "relacao_cc_v": "24 VCC",
        "secao_condutores_mm2": "até 50 mm2"
    },
    {
        "modelo": "5SP4 191-7",
        "corrente_nominal_a": 100,
        "curva_disparo": "C",
        "polos": "monopolar",
        "tensao_isolamento_ui_v": "250 / 440 VCA-60 VCC",
        "capacidade_interrupcao_icn": "20 kA",
        "capacidade_interrupcao_icu": "25 kA",
        "norma": "NBR NM 60898",
        "relacao_cc_v": "24 VCC",
        "secao_condutores_mm2": "até 50 mm2"
    },
    {
        "modelo": "5SP4 291-7",
        "corrente_nominal_a": 100,
        "curva_disparo": "C",
        "polos": "bipolar",
        "tensao_isolamento_ui_v": "250 / 440 VCA-60 VCC",
        "capacidade_interrupcao_icn": "20 kA",
        "capacidade_interrupcao_icu": "25 kA",
        "norma": "NBR NM 60898",
        "relacao_cc_v": "24 VCC",
        "secao_condutores_mm2": "até 50 mm2"
    },
    {
        "modelo": "5SP4 391-7",
        "corrente_nominal_a": 100,
        "curva_disparo": "C",
        "polos": "tripolar",
        "tensao_isolamento_ui_v": "250 / 440 VCA-60 VCC",
        "capacidade_interrupcao_icn": "20 kA",
        "capacidade_interrupcao_icu": "25 kA",
        "norma": "NBR NM 60898",
        "relacao_cc_v": "24 VCC",
        "secao_condutores_mm2": "até 50 mm2"
    },
    {
        "modelo": "5SP4 491-7",
        "corrente_nominal_a": 100,
        "curva_disparo": "C",
        "polos": "tetrapolar",
        "tensao_isolamento_ui_v": "250 / 440 VCA-60 VCC",
        "capacidade_interrupcao_icn": "20 kA",
        "capacidade_interrupcao_icu": "25 kA",
        "norma": "NBR NM 60898",
        "relacao_cc_v": "24 VCC",
        "secao_condutores_mm2": "até 50 mm2"
    },
    {
        "modelo": "5SP4 192-7",
        "corrente_nominal_a": 125,
        "curva_disparo": "C",
        "polos": "monopolar",
        "tensao_isolamento_ui_v": "250 / 440 VCA-60 VCC",
        "capacidade_interrupcao_icn": "20 kA",
        "capacidade_interrupcao_icu": "25 kA",
        "norma": "NBR NM 60898",
        "relacao_cc_v": "24 VCC",
        "secao_condutores_mm2": "até 50 mm2"
    },
    {
        "modelo": "5SP4 292-7",
        "corrente_nominal_a": 125,
        "curva_disparo": "C",
        "polos": "bipolar",
        "tensao_isolamento_ui_v": "250 / 440 VCA-60 VCC",
        "capacidade_interrupcao_icn": "20 kA",
        "capacidade_interrupcao_icu": "25 kA",
        "norma": "NBR NM 60898",
        "relacao_cc_v": "24 VCC",
        "secao_condutores_mm2": "até 50 mm2"
    },
    {
        "modelo": "5SP4 392-7",
        "corrente_nominal_a": 125,
        "curva_disparo": "C",
        "polos": "tripolar",
        "tensao_isolamento_ui_v": "250 / 440 VCA-60 VCC",
        "capacidade_interrupcao_icn": "20 kA",
        "capacidade_interrupcao_icu": "25 kA",
        "norma": "NBR NM 60898",
        "relacao_cc_v": "24 VCC",
        "secao_condutores_mm2": "até 50 mm2"
    },
    {
        "modelo": "5SP4 492-7",
        "corrente_nominal_a": 125,
        "curva_disparo": "C",
        "polos": "tetrapolar",
        "tensao_isolamento_ui_v": "250 / 440 VCA-60 VCC",
        "capacidade_interrupcao_icn": "20 kA",
        "capacidade_interrupcao_icu": "25 kA",
        "norma": "NBR NM 60898",
        "relacao_cc_v": "24 VCC",
        "secao_condutores_mm2": "até 50 mm2"
    },
    {
        "modelo": "5SP4 163-8",
        "corrente_nominal_a": 63,
        "curva_disparo": "D",
        "polos": "monopolar",
        "tensao_isolamento_ui_v": "250 / 440 VCA-60 VCC",
        "capacidade_interrupcao_icn": "20 kA",
        "capacidade_interrupcao_icu": "25 kA",
        "norma": "NBR NM 60898",
        "relacao_cc_v": "24 VCC",
        "secao_condutores_mm2": "até 50 mm2"
    },
    {
        "modelo": "5SP4 263-8",
        "corrente_nominal_a": 63,
        "curva_disparo": "D",
        "polos": "bipolar",
        "tensao_isolamento_ui_v": "250 / 440 VCA-60 VCC",
        "capacidade_interrupcao_icn": "20 kA",
        "capacidade_interrupcao_icu": "25 kA",
        "norma": "NBR NM 60898",
        "relacao_cc_v": "24 VCC",
        "secao_condutores_mm2": "até 50 mm2"
    },
    {
        "modelo": "5SP4 363-8",
        "corrente_nominal_a": 63,
        "curva_disparo": "D",
        "polos": "tripolar",
        "tensao_isolamento_ui_v": "250 / 440 VCA-60 VCC",
        "capacidade_interrupcao_icn": "20 kA",
        "capacidade_interrupcao_icu": "25 kA",
        "norma": "NBR NM 60898",
        "relacao_cc_v": "24 VCC",
        "secao_condutores_mm2": "até 50 mm2"
    },
    {
        "modelo": "5SP4 463-8",
        "corrente_nominal_a": 63,
        "curva_disparo": "D",
        "polos": "tetrapolar",
        "tensao_isolamento_ui_v": "250 / 440 VCA-60 VCC",
        "capacidade_interrupcao_icn": "20 kA",
        "capacidade_interrupcao_icu": "25 kA",
        "norma": "NBR NM 60898",
        "relacao_cc_v": "24 VCC",
        "secao_condutores_mm2": "até 50 mm2"
    },
    {
        "modelo": "5SP4 180-8",
        "corrente_nominal_a": 80,
        "curva_disparo": "D",
        "polos": "monopolar",
        "tensao_isolamento_ui_v": "250 / 440 VCA-60 VCC",
        "capacidade_interrupcao_icn": "20 kA",
        "capacidade_interrupcao_icu": "25 kA",
        "norma": "NBR NM 60898",
        "relacao_cc_v": "24 VCC",
        "secao_condutores_mm2": "até 50 mm2"
    },
    {
        "modelo": "5SP4 280-8",
        "corrente_nominal_a": 80,
        "curva_disparo": "D",
        "polos": "bipolar",
        "tensao_isolamento_ui_v": "250 / 440 VCA-60 VCC",
        "capacidade_interrupcao_icn": "20 kA",
        "capacidade_interrupcao_icu": "25 kA",
        "norma": "NBR NM 60898",
        "relacao_cc_v": "24 VCC",
        "secao_condutores_mm2": "até 50 mm2"
    },
    {
        "modelo": "5SP4 380-8",
        "corrente_nominal_a": 80,
        "curva_disparo": "D",
        "polos": "tripolar",
        "tensao_isolamento_ui_v": "250 / 440 VCA-60 VCC",
        "capacidade_interrupcao_icn": "20 kA",
        "capacidade_interrupcao_icu": "25 kA",
        "norma": "NBR NM 60898",
        "relacao_cc_v": "24 VCC",
        "secao_condutores_mm2": "até 50 mm2"
    },
    {
        "modelo": "5SP4 480-8",
        "corrente_nominal_a": 80,
        "curva_disparo": "D",
        "polos": "tetrapolar",
        "tensao_isolamento_ui_v": "250 / 440 VCA-60 VCC",
        "capacidade_interrupcao_icn": "20 kA",
        "capacidade_interrupcao_icu": "25 kA",
        "norma": "NBR NM 60898",
        "relacao_cc_v": "24 VCC",
        "secao_condutores_mm2": "até 50 mm2"
    },
    {
        "modelo": "5SP4 191-8",
        "corrente_nominal_a": 100,
        "curva_disparo": "D",
        "polos": "monopolar",
        "tensao_isolamento_ui_v": "250 / 440 VCA-60 VCC",
        "capacidade_interrupcao_icn": "20 kA",
        "capacidade_interrupcao_icu": "25 kA",
        "norma": "NBR NM 60898",
        "relacao_cc_v": "24 VCC",
        "secao_condutores_mm2": "até 50 mm2"
    },
    {
        "modelo": "5SP4 291-8",
        "corrente_nominal_a": 100,
        "curva_disparo": "D",
        "polos": "bipolar",
        "tensao_isolamento_ui_v": "250 / 440 VCA-60 VCC",
        "capacidade_interrupcao_icn": "20 kA",
        "capacidade_interrupcao_icu": "25 kA",
        "norma": "NBR NM 60898",
        "relacao_cc_v": "24 VCC",
        "secao_condutores_mm2": "até 50 mm2"
    },
    {
        "modelo": "5SP4 391-8",
        "corrente_nominal_a": 100,
        "curva_disparo": "D",
        "polos": "tripolar",
        "tensao_isolamento_ui_v": "250 / 440 VCA-60 VCC",
        "capacidade_interrupcao_icn": "20 kA",
        "capacidade_interrupcao_icu": "25 kA",
        "norma": "NBR NM 60898",
        "relacao_cc_v": "24 VCC",
        "secao_condutores_mm2": "até 50 mm2"
    },
    {
        "modelo": "5SP4 491-8",
        "corrente_nominal_a": 100,
        "curva_disparo": "D",
        "polos": "tetrapolar",
        "tensao_isolamento_ui_v": "250 / 440 VCA-60 VCC",
        "capacidade_interrupcao_icn": "20 kA",
        "capacidade_interrupcao_icu": "25 kA",
        "norma": "NBR NM 60898",
        "relacao_cc_v": "24 VCC",
        "secao_condutores_mm2": "até 50 mm2"
    }
]